start_time_s,end_time_s,pitch_midi,velocity,pitch_bend
39.38221723356009,39.63763673469388,60,40,1,1,1,1,1,1,1,1,1,1,1,1,1,1,1,1,1,1,1,1,1,1
39.21967755102041,39.405437188208616,72,85,1,1,1,1,1,1,1,1,1,1,1,1,1,1,1,1
39.06874784580499,39.27772743764172,70,79,1,1,1,1,1,1,1,1,1,1,1,1,1,1,1,1,1,1
39.04552789115646,39.196457596371886,46,52,1,1,1,1,1,1,1,1,1,1,1,1,1
38.83654829931973,39.2545074829932,41,53,1,1,1,1,1,1,1,1,1,1,1,1,1,1,1,1,1,1,0,0,0,0,1,1,1,1,1,1,1,1,1,1,1,1,1,1
38.743668480725624,39.05713786848072,72,91,1,1,1,1,1,1,1,1,1,1,1,1,1,1,1,1,1,1,1,1,1,1,1,1,1,1,1
38.743668480725624,39.27772743764172,65,43,1,1,1,1,1,1,1,1,1,1,1,1,1,1,1,1,1,1,1,1,1,1,1,1,1,1,1,1,1,1,1,1,1,1,1,1,1,1,1,1,1,1,1,1,1,1
38.743668480725624,39.022307936507936,60,58,1,1,1,1,1,1,1,1,1,1,1,1,1,1,1,1,1,1,1,1,1,1,1,1
38.743668480725624,39.0339179138322,53,69,1,1,1,1,1,1,1,1,1,1,1,1,1,1,1,1,1,1,1,1,1,1,1,1,1
38.2792693877551,38.51146893424036,75,83,1,1,1,1,1,1,1,1,1,1,1,1,1,1,1,1,1,1,1,1
38.2792693877551,38.92942811791383,63,64,1,1,1,1,1,1,1,1,1,1,1,1,1,1,1,1,1,1,1,1,1,1,1,1,1,1,1,1,1,1,1,1,1,1,1,1,1,1,1,1,1,1,1,1,1,1,1,1,1,1,1,1,1,1,1,1
38.12833968253968,38.32570929705216,73,66,1,1,1,1,1,1,1,1,1,1,1,1,1,1,1,1,1
38.12833968253968,38.743668480725624,65,45,1,1,1,1,1,1,1,1,1,1,1,1,1,1,-5,-5,-5,-5,-5,-5,-5,-5,-5,-5,-5,-5,-5,-5,-5,-5,-5,-5,-5,-5,-5,-5,-5,-5,-5,-5,-5,-5,-5,-5,-5,1,1,1,1,1,1,1,1
38.12833968253968,38.743668480725624,60,68,1,1,1,1,1,1,1,1,1,1,1,1,1,1,1,1,1,1,1,1,1,1,1,1,1,1,1,1,1,1,1,1,1,1,1,1,1,1,1,1,1,1,1,1,1,1,1,1,1,1,1,1,1
38.11672970521542,38.743668480725624,53,66,1,1,1,1,1,4,1,1,1,1,1,1,1,1,1,1,1,1,1,1,1,1,1,1,1,1,1,1,1,1,1,1,1,1,1,1,1,1,1,1,1,1,1,1,1,1,1,1,1,1,1,1,1,1
37.81487029478458,38.04706984126984,72,61,1,1,1,1,1,1,1,1,1,1,1,1,1,1,1,1,1,1,1,1
37.81487029478458,38.12833968253968,65,54,1,1,1,1,1,-5,-5,-5,-5,-5,-5,-5,-5,-5,-5,-5,-5,1,1,1,1,1,1,1,1,1,1
37.81487029478458,38.12833968253968,60,86,1,1,1,1,1,1,1,1,1,1,1,1,1,1,1,1,1,1,1,1,1,1,1,1,1,1,1
37.81487029478458,38.11672970521542,53,78,1,1,1,1,1,1,1,1,1,1,1,1,1,1,1,1,1,1,1,1,1,1,1,1,1,1
37.51172698412698,37.80326031746032,70,54,1,1,1,1,1,1,1,1,1,1,1,1,1,1,1,1,1,1,1,1,1,1,1,1,1,1
37.51172698412698,37.81487029478458,65,55,1,1,1,1,1,1,1,1,1,1,1,1,1,1,1,-5,-5,-5,1,1,1,1,1,1,1,1,1
37.51172698412698,37.81487029478458,60,85,1,1,1,1,1,1,1,1,1,1,1,1,1,1,1,1,1,1,1,1,1,1,1,1,1,1,1
37.51172698412698,37.81487029478458,53,68,1,1,1,1,1,1,1,1,1,1,1,1,1,1,1,1,1,1,1,1,1,1,1,1,1,1,1
37.51172698412698,37.756820408163264,51,47,1,1,1,1,1,1,1,1,1,1,1,1,1,1,1,1,1,1,1,1,1,1
37.51172698412698,37.6626566893424,44,48,1,1,1,1,1,1,1,1,1,1,1,1,1
37.51172698412698,37.79165034013605,41,59,1,1,1,1,1,1,1,1,1,1,1,1,1,1,1,1,1,1,1,1,1,1,1,1,1
37.50011700680272,38.2792693877551,63,71,1,1,1,1,1,1,1,1,1,1,1,1,1,1,1,1,1,1,1,1,1,1,1,1,1,1,1,1,1,1,1,1,1,1,1,1,1,1,1,1,1,1,1,1,1,1,1,1,1,1,1,1,1,1,1,1,1,1,1,1,1,1,1,1,1,1,1,1
37.035717913832194,37.50011700680272,68,92,-2,1,1,1,1,1,1,1,1,1,1,1,1,1,1,1,1,1,1,1,1,1,1,1,1,1,1,1,1,1,1,1,1,1,1,1,1,1,1,1
36.884788208616776,37.035717913832194,67,81,1,1,1,1,1,1,1,1,1,1,1,1,1
36.559708843537415,36.89639818594104,65,91,1,1,1,1,1,1,1,1,1,1,1,1,1,1,1,1,1,1,1,1,1,1,1,1,1,1,1,1,1
36.46682902494331,36.69902857142857,44,38,1,1,1,1,1,1,1,1,-2,-2,-2,0,0,1,1,1,1,1,1,1
36.25784943310657,36.52487891156462,60,64,1,1,1,1,1,1,1,1,1,1,1,1,1,1,1,1,1,1,1,1,1,1,1
36.24623945578231,36.606148752834464,63,95,1,1,1,1,1,1,1,1,1,1,1,1,1,1,1,1,1,1,1,1,1,1,1,1,1,1,1,1,1,1,1
35.93277006802721,36.269459410430834,75,95,1,1,1,1,1,1,1,1,1,1,1,1,1,1,1,1,1,1,1,1,1,1,1,1,1,1,1,1,1
35.93277006802721,36.24623945578231,63,78,1,1,1,1,1,1,1,1,1,1,1,1,1,1,1,1,1,1,1,1,1,1,1,1,1,1,1
35.629626757369614,35.93277006802721,63,64,1,1,1,1,1,1,1,1,1,1,1,1,1,1,1,1,1,1,1,1,1,1,1,1,1,1,1
35.629626757369614,36.25784943310657,60,80,1,1,1,1,1,1,1,1,1,1,1,1,1,1,1,1,1,1,1,1,1,1,1,1,1,1,1,1,1,1,1,1,1,1,1,1,1,1,1,1,1,1,1,1,1,1,1,1,1,1,1,1,1,1,1
35.478697052154196,35.67606666666667,65,79,1,1,1,1,1,1,1,1,1,1,1,1,1,1,1,1,1
35.32776734693878,35.59479682539683,63,70,1,1,1,1,1,1,1,1,1,1,1,1,1,1,1,1,1,1,1,1,1,1,1
35.32776734693878,35.629626757369614,60,76,1,1,1,1,1,1,1,1,1,1,1,1,1,1,1,1,1,1,1,1,1,1,1,1,1,1
35.316157369614515,35.525136961451246,67,87,1,1,1,1,1,1,1,1,1,1,1,1,1,1,1,1,1,-5
35.01429795918367,35.32776734693878,60,94,1,1,1,1,1,1,1,1,1,1,1,1,1,1,1,1,1,1,1,1,1,1,1,1,1,1,1
35.00268798185941,35.316157369614515,68,75,-2,1,1,1,1,1,1,1,1,1,1,1,1,1,1,1,1,1,1,1,1,1,1,1,1,1,1
35.00268798185941,35.32776734693878,63,90,1,1,1,1,1,1,1,1,1,1,1,1,1,1,1,1,1,1,1,1,1,1,1,1,1,1,1,1
35.00268798185941,35.200057596371884,44,62,-2,1,1,1,1,1,1,1,1,1,1,1,1,1,1,1,1
34.68921859410431,35.00268798185941,67,100,1,1,1,1,1,1,1,1,1,1,1,1,1,1,1,1,1,1,1,1,1,1,1,1,1,1,1
34.213209523809525,34.38735918367347,68,82,1,1,1,1,1,1,1,1,1,1,1,1,1,1,1
34.06227981859411,34.259649433106574,70,85,1,1,1,1,1,1,1,1,1,1,1,1,1,1,1,1,-5
34.050669841269844,34.189989569161,43,42,0,0,0,0,0,-2,-2,1,1,1,1,-1
33.7591365079365,34.13193968253968,67,93,1,1,1,1,1,1,1,1,1,1,1,1,1,1,1,1,1,1,1,1,1,1,1,1,1,1,1,1,1,1,1,1,1
33.445667120181405,33.81847029478458,75,97,1,1,1,1,1,1,1,1,1,1,1,1,1,1,1,1,1,1,1,1,1,1,1,1,1,1,1,1,1,1,1,1,1
33.1321977324263,33.399227210884355,67,67,1,1,1,1,1,1,1,1,1,1,1,1,1,1,1,1,1,1,1,1,1,1,1
33.1321977324263,33.67786666666667,64,54,1,1,1,1,1,1,1,1,1,1,1,1,1,1,1,1,1,1,1,1,1,1,1,1,1,1,1,1,1,1,1,1,1,1,1,1,1,1,1,1,1,1,1,1,1,1,1
33.12058775510204,34.00422993197279,61,67,1,1,1,1,1,1,1,1,1,1,1,1,1,1,1,1,1,1,1,1,1,1,1,1,1,1,1,1,1,1,1,1,1,1,1,1,1,1,1,1,1,1,1,1,1,1,1,1,1,1,1,1,1,1,1,1,1,1,1,1,1,1,1,1,1,1,1,1,1,1,1,1,1,1,1,1,1
33.07414784580499,33.24829750566893,55,59,1,1,1,1,1,1,1,1,1,1,1,1,1,1,1
32.98126802721088,33.12058775510204,64,64,1,1,1,1,1,1,1,1,1,1,1,1
32.96965804988662,33.1321977324263,67,93,1,1,1,1,1,1,1,1,1,1,1,1,1,1
32.8187283446712,32.96965804988662,68,85,1,1,1,1,1,1,1,1,1,1,1,1,1
32.8187283446712,33.12058775510204,61,79,1,1,1,1,1,1,1,1,1,1,1,1,1,1,1,1,1,1,1,1,1,1,1,1,1,1
32.5052589569161,32.83033832199546,70,72,1,1,1,1,1,1,1,1,1,1,1,1,1,1,1,1,1,1,1,1,1,1,1,1,1,1,1,1
32.5052589569161,32.98126802721088,64,86,1,1,1,1,1,1,1,1,1,1,1,1,1,1,1,1,1,1,1,1,1,1,1,1,1,1,1,1,1,1,1,1,1,1,1,1,1,1,1,1,1
32.5052589569161,32.8187283446712,61,90,1,1,1,1,1,1,1,1,1,1,1,1,1,1,1,1,1,1,1,1,1,1,1,1,1,1,1
32.49364897959183,32.737458503401356,42,57,2,1,1,1,1,1,1,1,1,1,1,1,1,1,1,1,1,1,2,2,2
31.73771655328798,31.88993015873016,58,43,1,1,1,1,1,1,1,1,1,1,1,1,1,1
31.72610657596372,31.878320181405897,70,83,1,1,1,1,1,1,1,1,1,1,1,1,1,1
31.563566893424035,31.760936507936506,72,84,1,1,1,1,1,1,1,1,1,1,1,1,1,1,1,1,-5
31.563566893424035,31.72610657596372,46,52,1,1,1,1,1,1,1,1,1,1,1,1,1,1
31.493907029478457,31.679666666666666,44,42,1,1,1,1,1,1,1,1,1,1,1,1,1,1,1,1
31.261707482993195,31.58678684807256,68,82,1,1,1,1,1,1,1,1,1,1,1,1,1,1,1,1,1,1,1,1,1,1,1,1,1,1,1,1
31.261707482993195,31.679666666666666,65,40,1,1,1,1,1,1,1,1,1,1,1,1,1,1,1,1,1,1,1,1,1,1,1,1,1,1,1,1,1,1,1,1,1,1,1,1
31.261707482993195,31.470687074829932,61,56,1,1,1,1,1,1,1,1,1,1,1,1,1,1,1,1,1,1
30.93662811791383,31.331367346938773,75,84,1,1,1,1,1,1,1,1,1,1,1,1,1,1,1,1,1,1,1,1,1,1,1,1,1,1,1,1,1,1,1,1,1,1
30.62315873015873,31.0411179138322,65,47,1,1,1,1,1,1,1,1,1,1,1,1,1,1,1,1,1,1,1,1,1,1,1,1,1,1,1,1,1,1,1,1,1,1,1,1
30.62315873015873,31.261707482993195,61,63,1,1,1,1,1,1,1,1,1,1,1,1,1,1,1,1,1,1,1,1,1,1,1,1,1,1,1,1,1,1,1,1,1,1,1,1,1,1,1,1,1,1,1,1,1,1,1,1,1,1,1,1,1,1,1
30.62315873015873,31.820270294784578,53,63,1,1,1,1,1,1,1,1,1,1,1,1,1,1,1,1,1,1,1,1,1,1,1,1,1,1,1,1,1,1,1,1,1,1,1,1,1,1,1,1,1,1,1,1,1,1,1,1,1,1,1,1,1,1,1,1,1,1,1,1,1,1,1,1,1,1,1,1,1,1,1,1,1,1,1,1,1,1,1,1,1,1,1,1,1,1,1,1,1,1,1,1,1,1,1,1,1,1,1,1,1,1,1,1
30.47222902494331,30.808918367346937,68,55,1,1,1,1,1,1,1,1,1,1,1,1,1,1,1,1,1,1,1,1,1,1,1,1,1,1,1,1,1
30.47222902494331,30.62315873015873,65,45,1,1,1,1,1,1,1,1,1,1,1,1,1
30.309689342403626,30.47222902494331,70,62,1,1,1,1,1,1,1,1,1,1,1,1,1,1
30.309689342403626,31.528736961451248,58,64,1,1,1,1,1,1,1,1,1,1,1,1,1,1,1,1,1,1,1,1,1,1,1,1,1,1,1,-2,-2,1,1,1,1,1,1,1,1,1,1,1,1,1,1,1,1,1,1,1,1,1,1,1,1,1,1,1,1,1,1,1,1,1,1,1,1,1,1,1,1,1,1,1,1,1,1,1,1,1,1,1,1,1,1,1,1,1,1,1,1,1,1,1,1,1,1,1,1,1,1,1,1,1,1,1,1
30.00782993197279,30.25163945578231,65,46,1,1,1,1,1,1,1,1,1,1,1,1,1,1,1,1,1,1,1,1,1
30.00782993197279,30.62315873015873,61,76,1,1,1,1,1,1,1,1,1,1,1,1,1,1,1,1,1,1,1,1,1,1,1,1,1,1,1,1,1,1,1,1,1,1,1,1,1,1,1,1,1,1,1,1,1,1,1,1,1,1,1,1,1
30.00782993197279,30.309689342403626,58,74,1,1,1,1,1,1,1,1,1,1,1,1,1,1,1,1,1,1,1,1,1,1,1,1,1,1
30.00782993197279,30.611548752834466,53,75,1,1,1,1,1,1,1,1,1,1,1,1,1,1,1,1,1,1,1,1,1,1,1,1,1,1,1,1,1,1,1,1,1,1,1,1,1,1,1,1,1,1,1,1,1,1,1,1,1,1,1,1
30.00782993197279,30.228419501133786,46,58,1,1,1,1,1,1,1,1,1,1,1,1,1,1,1,1,1,1,1
29.693076643990928,29.98460997732426,75,76,1,1,1,1,1,1,1,1,1,1,1,1,1,1,1,1,1,1,1,1,1,1,1,1,1,1
29.379607256235825,30.00782993197279,65,73,1,1,1,1,1,1,1,1,1,1,1,1,1,1,1,1,1,1,1,1,1,1,1,1,1,1,1,1,1,1,1,1,1,1,1,1,1,1,1,1,1,1,1,1,1,1,1,1,1,1,1,1,1,1,1
29.379607256235825,29.996219954648524,57,84,1,1,1,1,1,1,1,1,1,1,1,1,1,1,1,1,1,1,1,1,1,1,1,1,1,1,1,1,1,1,1,1,1,1,1,1,1,1,1,1,1,1,1,1,1,1,1,1,1,1,1,1,1,1
29.379607256235825,30.00782993197279,53,80,1,1,1,1,1,1,1,1,1,1,1,1,1,1,1,1,1,1,1,1,1,1,1,1,1,1,1,1,1,1,1,1,1,1,1,1,1,1,1,1,1,1,1,1,1,1,1,1,1,1,1,1,1,1,1
29.217067573696145,29.39121723356009,72,85,1,1,1,1,1,1,1,1,1,1,1,1,1,1,1
29.066137868480727,29.27511746031746,70,76,1,1,1,1,1,1,1,1,1,1,1,1,1,1,1,1,1,1
28.752668480725625,29.05452789115646,72,90,1,1,1,1,1,1,1,1,1,1,1,1,1,1,1,1,1,1,1,1,1,1,1,1,1,1
28.752668480725625,29.019697959183674,60,56,1,1,1,1,1,1,1,1,1,1,1,1,1,1,1,1,1,1,1,1,1,1,1
28.74105850340136,29.182237641723354,65,40,1,1,1,1,1,1,1,1,1,1,1,1,1,1,1,1,1,1,1,1,1,1,1,1,1,1,1,1,1,1,1,1,1,1,1,1,1,1
28.74105850340136,29.031307936507936,53,65,1,1,1,1,1,1,1,1,1,1,1,1,1,1,1,1,1,1,1,1,1,1,1,1,1
28.2882693877551,28.5088589569161,75,80,1,1,1,1,1,1,1,1,1,1,1,1,1,1,1,1,1,1,1
28.276659410430838,28.915208163265305,63,61,1,1,1,1,1,1,1,1,1,1,1,1,1,1,1,1,1,1,1,1,1,1,1,1,1,1,1,1,1,1,1,1,1,1,1,1,1,1,1,1,1,1,1,1,1,1,1,1,1,1,1,1,1,1,1
28.137339682539682,28.31148934240363,73,66,1,1,1,1,1,1,1,1,1,1,1,1,1,1,1
28.12572970521542,28.752668480725625,60,64,1,1,1,1,1,1,1,1,1,1,1,1,1,1,1,1,1,1,1,1,1,1,1,1,1,1,1,1,1,1,1,1,1,1,1,1,1,1,1,1,1,1,1,1,1,1,1,1,1,1,1,1,1,1
27.812260317460318,28.12572970521542,60,82,1,1,1,1,1,1,1,1,1,1,1,1,1,1,1,1,1,1,1,1,1,1,1,1,1,1,1
27.81097641723356,27.986409977324264,72,63,1,1,1,1,1,1,1,1,1,1,1,1,1,1,1,1
27.81097641723356,28.218609523809523,65,50,1,1,1,1,1,1,-5,-5,-5,-5,-5,-5,-5,-5,-5,-5,-5,-5,-5,-5,1,1,1,1,1,1,1,1,1,1,1,1,1,1,1,1
27.81097641723356,28.276659410430838,63,62,1,1,1,1,1,1,1,1,1,1,1,1,1,1,1,1,1,1,1,1,1,1,1,1,1,1,1,1,1,1,1,1,1,1,1,1,1,1,1,1,1
27.81097641723356,28.12572970521542,53,74,1,1,1,1,1,1,1,1,1,1,1,1,1,1,1,1,1,1,1,1,1,1,1,1,1,1,1,1
27.520726984126984,27.752926530612246,51,48,1,1,1,1,1,1,1,1,1,1,1,1,1,1,1,1,1,1,1,1
27.50911700680272,27.799366439909296,70,53,1,1,1,1,1,1,1,1,1,1,1,1,1,1,1,1,1,1,1,1,1,1,1,1,1
27.50911700680272,27.81097641723356,65,56,1,-5,-5,-5,-5,1,1,1,1,1,1,1,1,1,1,1,-5,1,1,1,1,1,1,1,1,1
27.50911700680272,27.81097641723356,63,80,1,1,1,1,1,1,1,1,1,1,1,1,1,1,1,1,1,1,1,1,1,1,1,1,1,1
27.50911700680272,27.812260317460318,60,85,1,1,1,1,1,1,1,1,1,1,1,1,1,1,1,1,1,1,1,1,1,1,1,1,1,1,1
27.50911700680272,27.81097641723356,53,66,1,1,1,1,1,1,1,1,1,1,1,1,1,1,1,1,1,1,1,1,1,1,1,1,1,1
27.50911700680272,27.648436734693878,44,53,1,1,1,1,1,1,1,1,1,1,1,1
27.50911700680272,27.76453650793651,41,61,1,1,1,1,1,1,1,1,1,1,1,1,1,1,1,1,1,1,1,1,1,1
27.033107936507935,27.49750702947846,68,92,-2,-2,1,1,1,1,1,1,1,1,1,1,1,1,1,1,1,1,1,1,1,1,1,1,1,1,1,1,1,1,1,1,1,1,1,1,1,1,1,1
26.882178231292517,27.033107936507935,67,81,1,1,1,1,1,1,1,1,1,1,1,1,1
26.59192879818594,26.754468480725624,44,62,1,1,1,1,1,1,1,1,1,1,1,1,1,1
26.568708843537415,26.89378820861678,65,89,1,1,1,1,1,1,1,1,1,1,1,1,1,1,1,1,1,1,1,1,1,1,1,1,1,1,1,1
26.568708843537415,26.70802857142857,46,47,1,1,1,1,1,1,1,1,1,1,1,1
26.255239455782313,26.603538775510206,63,92,1,1,1,1,1,1,1,1,1,1,1,1,1,1,1,1,1,1,1,1,1,1,1,1,1,1,1,1,1,1
25.930160090702948,26.266849433106575,75,87,1,1,1,1,1,1,1,1,1,1,1,1,1,1,1,1,1,1,1,1,1,1,1,1,1,1,1,1,1
25.627016780045352,26.499048979591837,60,70,1,1,1,1,1,1,1,1,1,1,1,1,1,1,1,1,1,1,1,1,1,1,1,1,1,1,1,1,1,1,1,1,1,1,1,1,1,1,1,1,1,1,1,1,1,1,1,1,1,1,1,1,1,1,1,1,1,1,1,1,1,1,1,1,1,1,1,1,1,1,1,1,1,1,1,1
25.627016780045352,26.522268934240362,56,78,1,1,1,1,1,1,1,1,1,1,1,1,1,1,1,1,1,1,1,1,1,1,1,1,1,1,1,1,1,1,1,1,1,1,1,1,1,1,1,1,1,1,1,1,1,1,1,1,1,1,1,1,1,1,1,1,1,1,1,1,1,1,1,1,1,1,1,1,1,1,1,1,1,1,1,1,1,1
25.476087074829934,25.685066666666668,65,76,1,1,1,1,1,1,1,1,1,1,1,1,1,1,1,1,1,1
25.476087074829934,25.627016780045352,60,69,1,1,1,1,1,1,1,1,1,1,1,1,1
25.31354739229025,25.522526984126984,67,77,1,1,1,1,1,1,1,1,1,1,1,1,1,1,1,1,-5,-5
25.01168798185941,25.476087074829934,60,86,1,1,1,1,1,1,1,1,1,1,1,1,1,1,1,1,1,1,1,1,1,1,1,1,1,1,1,1,1,1,1,1,1,1,1,1,1,1,1,1
25.01168798185941,25.627016780045352,56,85,1,1,1,1,1,1,1,1,1,1,1,1,1,1,1,1,1,1,1,1,1,1,1,1,1,1,1,1,1,1,1,1,1,1,1,1,1,1,1,1,1,1,1,1,1,1,1,1,1,1,1,1,1
25.01168798185941,25.185837641723356,44,55,1,1,1,1,1,1,1,1,1,1,1,1,1,1,1
24.81431836734694,24.96524807256236,39,70,1,1,1,1,1,1,1,1,1,1,1,1,2
24.686608616780045,25.03490793650794,67,90,1,1,1,1,1,1,1,1,1,1,1,1,1,1,1,1,1,1,1,1,1,1,1,1,1,1,1,1,1,1
24.210599546485263,24.384749206349206,68,79,7,1,1,1,1,1,1,1,1,1,1,1,1,1,1
24.071279818594103,24.315089342403628,58,39,1,1,1,1,1,1,1,1,1,1,1,1,1,1,1,1,1,1,1,1,1
24.05966984126984,24.257039455782312,70,82,1,1,1,1,1,1,1,1,1,1,1,1,1,1,1,1,-5
24.05966984126984,24.198989569160997,51,49,1,0,0,0,1,1,1,1,1,1,1,1
24.04805986394558,24.198989569160997,43,44,1,1,1,0,0,-2,-2,-2,1,1,-2,-2,2
23.83779637188209,24.05966984126984,39,77,1,1,1,1,1,1,1,1,1,1,1,1,1,1,1,1,1,1,1,1
23.76813650793651,24.036449886621316,58,60,1,1,1,1,1,1,1,1,1,1,1,1,1,1,1,1,1,1,1,1,1,1,1,1
23.756526530612245,24.117719727891156,67,88,1,1,1,1,1,1,1,1,1,1,1,1,1,1,1,1,1,1,1,1,1,1,1,1,1,1,1,1,1,1,1,1
23.443057142857143,23.81457641723356,75,91,1,1,1,1,1,1,1,1,1,1,1,1,1,1,1,1,1,1,1,1,1,1,1,1,1,1,1,1,1,1,1,1
23.443057142857143,24.05966984126984,51,61,1,1,1,1,1,1,1,1,1,1,1,1,1,1,1,1,1,1,1,1,1,1,1,1,1,1,1,1,1,1,1,1,1,1,1,1,1,1,1,1,1,1,1,1,1,1,1,1,1,1,1,1,1,1
23.141197732426306,23.396617233560093,67,65,1,1,1,1,1,1,1,1,1,1,1,1,1,1,1,1,1,1,1,1,1,1
23.12958775510204,23.76813650793651,58,73,1,1,1,1,1,1,1,1,1,1,1,1,1,1,1,1,1,1,1,1,1,1,1,1,1,1,1,1,1,1,1,1,1,1,1,1,1,1,1,1,1,1,1,1,1,1,1,1,1,1,1,1,1,1,1
23.12958775510204,23.443057142857143,51,52,1,1,1,1,1,1,1,1,1,1,1,1,1,1,1,1,1,1,1,1,1,1,1,1,1,1,1
23.117977777777778,23.9784,61,58,1,1,1,1,1,1,1,1,1,1,1,1,1,1,1,1,1,1,1,1,1,1,1,1,1,1,1,1,1,1,1,1,1,1,1,1,1,1,1,1,1,1,1,1,1,1,1,1,1,1,1,1,1,1,1,1,1,1,1,1,1,1,1,1,1,1,1,1,1,1,1,1,1,1,1
23.08314784580499,23.23407755102041,55,51,1,1,1,1,1,1,1,1,1,1,1,1,1
22.96704807256236,23.141197732426306,67,88,1,1,1,1,1,1,1,1,1,1,1,1,1,1,1
22.50264897959184,22.897388208616782,63,53,-5,-5,-5,-5,-5,-5,-5,-5,-5,-5,-5,1,1,-5,-5,-5,-5,-5,-5,-5,-5,-5,-5,-5,-5,1,1,1,-5,1,-5,-5,-5,-5
22.50264897959184,23.117977777777778,61,79,1,1,1,1,1,1,1,1,1,1,1,1,1,1,1,1,1,1,1,1,1,1,1,1,1,1,1,1,1,1,1,1,1,1,1,1,1,1,1,1,1,1,1,1,1,1,1,1,1,1,1,1,1
22.50264897959184,23.12958775510204,58,83,1,1,1,1,1,1,1,1,1,1,1,1,1,1,1,1,1,1,1,1,1,1,1,1,1,1,1,1,1,1,1,1,1,1,1,1,1,1,1,1,1,1,1,1,1,1,1,1,1,1,1,1,1,1
22.50264897959184,23.094757823129253,51,65,1,1,1,1,1,1,1,1,1,1,1,1,1,1,1,1,1,1,1,1,1,1,1,1,1,1,1,1,1,1,1,1,1,1,1,1,1,1,1,1,1,1,1,1,1,1,1,1,1,1,1
22.50264897959184,22.676798639455782,46,55,1,1,1,1,1,1,1,1,1,1,1,1,1,1,1
22.50264897959184,23.059927891156462,39,65,1,1,1,1,1,1,1,1,1,1,1,1,1,1,1,1,1,1,1,1,1,1,1,1,1,1,1,1,1,1,1,1,1,1,1,1,1,1,1,1,1,1,1,1,1,1,1,1
22.491039002267573,22.630358730158733,49,54,1,1,1,1,1,1,1,1,1,1,1,1
22.491039002267573,22.653578684807258,42,45,1,1,1,1,1,1,1,1,1,1,1,1,1,1
22.351719274376418,22.50264897959184,39,35,1,1,1,1,1,1,1,1,1,1,1,1,1
22.328499319727893,22.50264897959184,46,60,1,1,1,1,1,1,1,1,1,1,1,1,1,1,1
21.73510657596372,21.875710204081635,58,41,1,1,1,1,1,1,1,1,1,1,1,1,1
21.723496598639457,21.875710204081635,70,85,1,1,1,1,1,1,1,1,1,1,1,1,1,1
21.57256689342404,21.76993650793651,72,84,1,1,1,1,1,1,1,1,1,1,1,1,1,1,1,-5,-5
21.560956916099776,21.723496598639457,46,54,1,1,1,1,1,1,1,1,1,1,1,1,1,1
21.54934693877551,21.68866666666667,44,45,1,1,1,1,1,1,1,1,1,1,1,1
21.247487528344674,21.57256689342404,72,65,-5,1,1,1,1,1,1,1,1,1,1,1,1,1,1,1,1,1,1,1,1,1,1,1,1,1,1,1
21.247487528344674,21.66544671201814,65,48,1,1,1,1,1,1,1,1,1,1,1,1,1,1,1,1,1,1,1,1,1,1,1,1,1,1,1,1,1,1,1,1,1,1,1,1
21.247487528344674,21.827986394557826,53,66,1,1,1,1,1,1,1,1,1,1,1,1,1,1,1,1,1,1,1,1,1,1,1,1,1,1,1,1,1,1,1,1,1,1,1,1,1,1,1,1,1,1,1,1,1,1,1,1,1,1
21.096557823129253,21.293927437641724,70,80,1,1,1,1,1,1,1,1,1,1,1,1,1,1,1,1,1
21.096557823129253,21.247487528344674,65,43,1,1,1,1,1,1,1,1,1,1,1,1,1
21.096557823129253,21.526126984126986,58,60,1,1,1,1,1,1,1,1,1,1,1,1,1,1,1,1,1,1,1,1,1,1,1,1,1,1,1,1,1,1,1,1,1,1,1,1,1
20.945628117913834,21.247487528344674,53,67,1,1,1,1,1,1,1,1,1,1,1,1,1,1,1,1,1,1,1,1,1,1,1,1,1,1
20.934018140589572,21.131387755102043,68,75,1,1,1,1,1,1,1,1,1,1,1,1,1,1,1,1,1
20.632158730158732,20.864358276643994,67,68,1,1,1,1,1,1,1,1,1,1,1,1,1,1,1,1,1,1,1,1
20.62054875283447,21.026897959183675,65,44,1,1,1,1,1,1,1,1,1,1,1,1,1,1,1,1,1,1,1,1,1,1,1,1,1,1,1,1,1,1,1,1,1,1,1
20.62054875283447,21.456467120181408,61,62,1,1,1,1,1,1,1,1,1,1,1,1,1,1,1,1,1,1,1,1,1,1,1,1,1,1,1,1,1,1,1,1,1,1,1,1,1,1,1,1,1,1,1,1,1,1,1,1,1,1,1,1,1,1,1,1,1,1,1,1,1,1,1,1,1,1,1,1,1,1,1,1
20.62054875283447,20.945628117913834,53,61,1,1,1,1,1,1,1,1,1,1,1,1,1,1,1,1,1,1,1,1,1,1,1,1,1,1,1,1
20.469619047619048,20.608938775510207,68,73,1,1,1,1,1,1,1,1,1,1,1,1
20.469619047619048,20.62054875283447,65,52,1,1,1,1,1,1,1,1,1,1,1,1,1
20.31868934240363,21.096557823129253,58,70,1,1,1,1,1,1,1,1,1,1,1,1,1,1,1,1,1,1,1,1,1,1,1,1,1,1,-2,-2,-2,1,1,1,1,1,1,1,1,1,1,1,1,1,1,1,1,1,1,1,1,1,1,1,1,1,1,1,1,1,1,1,1,1,1,1,1,1,1
20.307079365079368,20.481229024943314,70,68,1,1,1,1,1,1,1,1,1,1,1,1,1,1,1
20.005219954648528,20.249029478458052,68,44,1,1,1,1,1,1,1,1,1,1,1,1,1,1,1,1,1,1,1,1,1
20.005219954648528,20.469619047619048,65,54,1,1,1,1,1,1,1,1,1,1,1,1,1,1,1,1,1,1,1,1,1,1,1,1,1,1,1,1,1,1,1,1,1,1,1,1,1,1,1,1
20.005219954648528,20.62054875283447,61,78,1,1,1,1,1,1,1,1,1,1,1,1,1,1,1,1,1,1,1,1,1,1,1,1,1,1,1,1,1,1,1,1,1,1,1,1,1,1,1,1,1,1,1,1,1,1,1,1,1,1,1,1,1
20.005219954648528,20.31868934240363,58,76,1,1,1,1,1,1,1,1,1,1,1,1,1,1,1,1,1,1,1,1,1,1,1,1,1,1,1
20.005219954648528,20.59732879818594,53,66,1,1,1,1,1,1,1,1,1,1,1,1,1,1,1,1,1,1,1,1,1,1,1,1,1,1,1,1,1,1,1,1,1,1,1,1,1,1,1,1,1,1,1,1,1,1,1,1,1,1,1
20.005219954648528,20.225809523809527,49,59,1,1,1,1,1,1,1,1,1,1,1,1,1,1,1,1,1,1,1
20.005219954648528,20.190979591836737,46,64,1,1,1,1,1,1,1,1,1,1,1,1,1,1,1,1
19.993609977324265,20.260639455782314,34,40,2,1,1,1,1,1,1,1,1,1,1,1,1,1,1,1,1,1,1,1,1,1,1
19.702076643990928,20.005219954648528,75,102,1,1,1,1,1,1,1,1,1,1,1,1,1,1,1,1,1,1,1,1,1,1,1,1,1,1,1
19.376997278911563,19.620806802721088,60,39,1,1,1,1,1,1,1,1,1,1,1,1,1,1,1,1,1,1,1,1,1
19.21445759637188,19.388607256235826,72,90,1,1,1,1,1,1,1,1,1,1,1,1,1,1,1
19.06352789115646,19.284117460317457,70,78,1,1,1,1,1,1,1,1,1,1,1,1,1,1,1,1,1,1,1
19.06352789115646,19.202847619047617,46,57,1,1,1,1,1,1,1,1,1,1,1,1
18.8313283446712,19.260897505668932,41,55,1,1,1,1,1,1,1,1,1,1,1,1,1,1,1,1,1,1,1,1,1,1,1,1,1,1,1,1,1,1,1,1,1,1,1,1,1
18.75005850340136,19.21445759637188,72,73,1,1,1,1,1,1,1,1,1,1,1,1,1,1,1,1,1,1,1,1,1,1,1,1,1,1,1,1,-5,-5,-5,-5,-5,-5,-5,-5,-5,-5,-5,-5
18.75005850340136,19.295727437641723,65,47,1,1,1,1,1,1,1,1,1,1,1,1,1,1,1,1,1,1,1,1,1,1,1,1,1,1,1,1,1,1,1,1,1,1,1,1,1,1,1,1,1,1,1,1,1,1,1
18.75005850340136,19.040307936507936,60,58,1,1,1,1,1,1,1,1,1,1,1,1,1,1,1,1,1,1,1,1,1,1,1,1,1
18.75005850340136,19.02869795918367,53,70,1,1,1,1,1,1,1,1,1,1,1,1,1,1,1,1,1,1,1,1,1,1,1,1
18.28565941043084,18.517858956916097,75,85,1,1,1,1,1,1,1,1,1,1,1,1,1,1,1,1,1,1,1,1
18.28565941043084,18.94742811791383,63,65,1,1,1,1,1,1,1,1,1,1,1,1,1,1,1,1,1,1,1,1,1,1,1,1,1,1,1,1,1,1,1,1,1,1,1,1,1,1,1,1,1,1,1,1,1,1,1,1,1,1,1,1,1,1,1,1,1
18.123119727891154,18.332099319727888,73,66,1,1,1,1,1,1,1,1,1,1,1,1,1,1,1,1,1,1
18.123119727891154,18.75005850340136,65,46,1,1,1,1,1,1,1,1,1,1,1,1,1,1,1,1,1,-5,-5,-5,-5,-5,-5,-5,-5,-5,-5,-5,-5,-5,-5,-5,-5,-5,-5,-5,-5,-5,-5,-5,-5,-5,-5,-5,-5,-5,-5,1,1,1,1,1,1,1
18.123119727891154,18.28565941043084,63,43,1,1,1,1,1,1,1,1,1,1,1,1,1,1
18.123119727891154,18.75005850340136,60,68,1,1,1,1,1,1,1,1,1,1,1,1,1,1,1,1,1,1,1,1,1,1,1,1,1,1,1,1,1,1,1,1,1,1,1,1,1,1,1,1,1,1,1,1,1,1,1,1,1,1,1,1,1,1
18.123119727891154,18.75005850340136,53,67,1,1,1,1,4,4,1,1,1,1,1,1,1,1,1,1,1,1,1,1,1,1,1,1,1,1,1,1,1,1,1,1,1,1,1,1,1,1,1,1,1,1,1,1,1,1,1,1,1,1,1,1,1,1
17.81997641723356,18.123119727891154,60,85,1,1,1,1,1,1,1,1,1,1,1,1,1,1,1,1,1,1,1,1,1,1,1,1,1,1,1
17.81997641723356,18.123119727891154,53,76,1,1,1,1,1,1,1,1,1,1,1,1,1,1,1,1,1,1,1,1,1,1,1,1,1,1,1
17.808366439909296,18.01862993197279,72,62,-5,1,1,1,1,1,1,1,1,1,1,1,1,1,1,1,1,1,1
17.808366439909296,18.123119727891154,65,53,1,1,1,1,1,1,-5,-5,-5,-5,-5,-5,-5,-5,-5,-5,-5,-5,1,1,1,1,1,1,1,1,1,1
17.51811700680272,17.75031655328798,51,50,1,1,1,1,1,1,1,1,1,1,1,1,1,1,1,1,1,1,1,1
17.51811700680272,17.78514648526077,41,61,1,1,1,1,1,1,1,1,1,1,1,1,1,1,1,1,1,1,1,1,1,1,1
17.506507029478456,17.808366439909296,70,54,1,1,1,1,1,1,1,1,1,1,1,1,1,1,1,1,1,1,1,1,1,1,1,1,1,1
17.506507029478456,17.808366439909296,65,57,1,1,1,1,1,1,1,1,1,1,1,1,1,1,1,1,-5,-5,1,1,1,1,1,1,1,1
17.506507029478456,18.123119727891154,63,77,1,1,1,1,1,1,1,1,1,1,1,1,1,1,1,1,1,1,1,1,1,1,1,1,1,1,1,1,1,1,1,1,1,1,1,1,1,1,1,1,1,1,1,1,1,1,1,1,1,1,1,1,1,1
17.506507029478456,17.81997641723356,60,84,1,1,1,1,1,1,1,1,1,1,1,1,1,1,1,1,1,1,1,1,1,1,1,1,1,1,1
17.506507029478456,17.81997641723356,53,65,1,1,1,1,1,1,1,1,1,1,1,1,1,1,1,1,1,1,1,1,1,1,1,1,1,1,1
17.506507029478456,17.657436734693878,44,51,0,1,1,1,1,1,1,1,1,1,1,1,1
17.042107936507936,17.494897052154194,68,93,-2,1,1,1,1,1,1,1,1,1,1,1,1,1,1,1,1,1,1,1,1,1,1,1,1,1,1,1,1,1,1,1,1,1,1,1,1,1,1
16.87956825396825,17.042107936507936,67,79,1,1,1,1,1,1,1,1,1,1,1,1,1,1
16.56609886621315,16.90278820861678,65,91,1,1,1,1,1,1,1,1,1,1,1,1,1,1,1,1,1,1,1,1,1,1,1,1,1,1,1,1,1
16.461609070294784,16.68219863945578,44,37,1,1,1,1,1,1,1,1,1,-2,-1,-1,0,0,1,1,1,1,1
16.241019501133785,16.612538775510203,63,94,1,1,1,1,1,1,1,1,1,1,1,1,1,1,1,1,1,1,1,1,1,1,1,1,1,1,1,1,1,1,1,1
15.927550113378683,16.264239455782313,75,95,1,1,1,1,1,1,1,1,1,1,1,1,1,1,1,1,1,1,1,1,1,1,1,1,1,1,1,1,1
15.927550113378683,16.241019501133785,63,78,1,1,1,1,1,1,1,1,1,1,1,1,1,1,1,1,1,1,1,1,1,1,1,1,1,1,1
15.624406802721088,16.531268934240362,60,75,1,1,1,1,1,1,1,1,1,1,1,1,1,1,1,1,1,1,1,1,1,1,1,1,1,1,1,1,1,1,1,1,1,1,1,1,1,1,1,1,1,1,1,1,1,1,1,1,1,1,1,1,1,1,1,1,1,1,1,1,1,1,1,1,1,1,1,1,1,1,1,1,1,1,1,1,1,1,1
15.473477097505668,15.67084671201814,65,80,1,1,1,1,1,1,1,1,1,1,1,1,1,1,1,1,1
15.322547392290248,15.927550113378683,63,66,1,1,1,1,1,1,1,1,1,1,1,1,1,1,1,1,1,1,1,1,1,1,1,1,1,1,1,1,1,1,1,1,1,1,1,1,1,1,1,1,1,1,1,1,1,1,1,1,1,1,1,1,1
15.322547392290248,15.624406802721088,60,75,1,1,1,1,1,1,1,1,1,1,1,1,1,1,1,1,1,1,1,1,1,1,1,1,1,1
15.310937414965986,15.531526984126984,67,85,1,1,1,1,1,1,1,1,1,1,1,1,1,1,1,1,1,-5,-5
15.009078004535148,15.310937414965986,68,76,-2,1,1,1,1,1,1,1,1,1,1,1,1,1,1,1,1,1,1,1,1,1,1,1,1,1
15.009078004535148,15.322547392290248,63,89,1,1,1,1,1,1,1,1,1,1,1,1,1,1,1,1,1,1,1,1,1,1,1,1,1,1,1
15.009078004535148,15.322547392290248,60,93,1,1,1,1,1,1,1,1,1,1,1,1,1,1,1,1,1,1,1,1,1,1,1,1,1,1,1
15.009078004535148,15.20644761904762,44,62,1,1,1,1,1,1,1,1,1,1,1,1,1,1,1,1,1
14.683998639455782,15.009078004535148,67,100,1,1,1,1,1,1,1,1,1,1,1,1,1,1,1,1,1,1,1,1,1,1,1,1,1,1,1,1
14.219599546485261,14.382139229024943,68,83,1,1,1,1,1,1,1,1,1,1,1,1,1,1
14.068669841269841,14.266039455782312,70,84,1,1,1,1,1,1,1,1,1,1,1,1,1,1,1,1,-5
13.940960090702948,14.161549659863946,42,42,1,1,1,1,1,1,1,1,-2,-2,1,1,1,1,1,1,1,1,1
13.753916553287983,14.126719727891157,67,92,1,1,1,1,1,1,1,1,1,1,1,1,1,1,1,1,1,1,1,1,1,1,1,1,1,1,1,1,1,1,1,1,1
13.44044716553288,13.835186394557823,75,97,1,1,1,1,1,1,1,1,1,1,1,1,1,1,1,1,1,1,1,1,1,1,1,1,1,1,1,1,1,1,1,1,1,1
13.13858775510204,13.394007256235827,67,69,1,1,1,1,1,1,1,1,1,1,1,1,1,1,1,1,1,1,1,1,1,1
13.126977777777778,13.684256689342403,64,54,1,1,1,1,1,1,1,1,1,1,1,1,1,1,1,1,1,1,1,1,1,1,1,1,1,1,1,1,1,1,1,1,1,1,1,1,1,1,1,1,1,1,1,1,1,1,1,1
13.115367800453514,13.999009977324263,61,68,1,1,1,1,1,1,1,1,1,1,1,1,1,1,1,1,1,1,1,1,1,1,1,1,1,1,1,1,1,1,1,1,1,1,1,1,1,1,1,1,1,1,1,1,1,1,1,1,1,1,1,1,1,1,1,1,1,1,1,1,1,1,1,1,1,1,1,1,1,1,1,1,1,1,1,1,1
13.068927891156463,13.254687528344672,55,57,1,1,1,1,1,1,1,1,1,1,1,1,1,1,1,1
12.976048072562358,13.126977777777778,64,61,1,1,1,1,1,1,1,1,1,1,1,1,1
12.964438095238096,13.13858775510204,67,90,1,1,1,1,1,1,1,1,1,1,1,1,1,1,1
12.813508390022676,12.964438095238096,68,82,1,1,1,1,1,1,1,1,1,1,1,1,1
12.511648979591836,12.825118367346938,70,72,1,1,1,1,1,1,1,1,1,1,1,1,1,1,1,1,1,1,1,1,1,1,1,1,1,1,1
12.500039002267574,12.976048072562358,64,85,1,1,1,1,1,1,1,1,1,1,1,1,1,1,1,1,1,1,1,1,1,1,1,1,1,1,1,1,1,1,1,1,1,1,1,1,1,1,1,1,1
12.500039002267574,13.115367800453514,61,84,1,1,1,1,1,1,1,1,1,1,1,1,1,1,1,1,1,1,1,1,1,1,1,1,1,1,1,1,1,1,1,1,1,1,1,1,1,1,1,1,1,1,1,1,1,1,1,1,1,1,1,1,1
12.500039002267574,12.743848526077098,42,60,2,1,1,1,1,1,1,1,1,1,1,1,1,1,1,1,1,1,1,1,2
12.325889342403629,12.63935873015873,46,48,1,1,1,1,1,1,1,1,1,1,1,1,1,1,-2,-2,-2,-2,-2,-2,1,1,1,1,1,1,1
11.732496598639457,11.89503628117914,70,82,1,1,1,1,1,1,1,1,1,1,1,1,1,1
11.732496598639457,11.883426303854876,58,43,1,1,1,1,1,1,1,1,1,1,1,1,1
11.569956916099773,11.767326530612246,72,84,1,1,1,1,1,1,1,1,1,1,1,1,1,1,1,1,-5
11.569956916099773,11.790546485260771,65,42,1,1,1,1,1,1,1,1,1,1,1,1,1,1,1,1,1,1,1
11.558346938775511,11.70927664399093,46,51,1,1,1,1,1,1,1,1,1,1,1,1,1
11.500297052154195,11.686056689342404,44,44,1,1,1,1,1,1,1,1,1,1,1,1,1,1,1,1
11.256487528344673,11.453857142857144,61,55,1,1,1,1,1,1,1,1,1,1,1,1,1,1,1,1,1
11.244877551020409,11.581566893424037,68,81,1,1,1,1,1,1,1,1,1,1,1,1,1,1,1,1,1,1,1,1,1,1,1,1,1,1,1,1,1
11.244877551020409,11.44224716553288,65,42,1,1,1,1,1,1,1,1,1,1,1,1,1,1,1,1,1
10.931408163265306,11.32614739229025,75,84,1,1,1,1,1,1,1,1,1,1,1,1,1,1,1,1,1,1,1,1,1,1,1,1,1,1,1,1,1,1,1,1,1,1
10.617938775510204,11.244877551020409,65,48,1,1,1,1,1,1,1,1,1,1,1,1,1,1,1,1,1,1,1,1,1,1,1,1,1,1,1,1,1,1,1,1,1,1,1,1,1,1,1,1,1,1,1,1,1,1,1,1,1,1,1,1,1,1
10.617938775510204,11.256487528344673,61,65,1,1,1,1,1,1,1,1,1,1,1,1,1,1,1,1,1,1,1,1,1,1,1,1,1,1,1,1,1,1,1,1,1,1,1,1,1,1,1,1,1,1,1,1,1,1,1,1,1,1,1,1,1,1,1
10.617938775510204,11.82537641723356,53,64,1,1,1,1,1,1,1,1,1,1,1,1,1,1,1,1,1,1,1,1,1,1,1,1,1,1,1,1,1,1,1,1,1,1,1,1,1,1,1,1,1,1,1,1,1,1,1,1,1,1,1,1,1,1,1,1,1,1,1,1,1,1,1,1,1,1,1,1,1,1,1,1,1,1,1,1,1,1,1,1,1,1,1,1,1,1,1,1,1,1,1,1,1,1,1,1,1,1,1,1,1,1,1,1
10.536668934240364,10.687598639455784,56,38,1,1,1,1,1,1,1,1,1,1,1,1,1
10.478619047619048,10.82691836734694,68,59,1,1,1,1,1,1,1,1,1,1,1,1,1,1,1,1,1,1,1,1,1,1,1,1,1,1,1,1,1,1
10.467009070294786,10.617938775510204,65,52,1,1,1,1,1,1,1,1,1,1,1,1,1
10.316079365079366,11.523517006802722,58,65,1,1,1,1,1,1,1,1,1,1,1,1,1,1,1,1,1,1,1,1,1,1,1,1,1,1,1,-2,-2,1,1,1,1,1,1,1,1,1,1,1,1,1,1,1,1,1,1,1,1,1,1,1,1,1,1,1,1,1,1,1,1,1,1,1,1,1,1,1,1,1,1,1,1,1,1,1,1,1,1,1,1,1,1,1,1,1,1,1,1,1,1,1,1,1,1,1,1,1,1,1,1,1,1,1
10.304469387755104,10.478619047619048,70,66,1,1,1,1,1,1,1,1,1,1,1,1,1,1,1
10.014219954648526,10.316079365079366,58,76,1,1,1,1,1,1,1,1,1,1,1,1,1,1,1,1,1,1,1,1,1,1,1,1,1,1
10.014219954648526,10.617938775510204,53,77,1,1,1,1,1,1,1,1,1,1,1,1,1,1,1,1,1,1,1,1,1,1,1,1,1,1,1,1,1,1,1,1,1,1,1,1,1,1,1,1,1,1,1,1,1,1,1,1,1,1,1,1
10.014219954648526,10.234809523809524,46,61,1,1,1,1,1,1,1,1,1,1,1,1,1,1,1,1,1,1,1
10.002609977324264,10.246419501133788,65,48,1,1,1,1,1,1,1,1,1,1,1,1,1,1,1,1,1,1,1,1,1
10.002609977324264,10.617938775510204,61,78,1,1,1,1,1,1,1,1,1,1,1,1,1,1,1,1,1,1,1,1,1,1,1,1,1,1,1,1,1,1,1,1,1,1,1,1,1,1,1,1,1,1,1,1,1,1,1,1,1,1,1,1,1
9.850396371882086,10.049049886621315,41,62,1,1,1,1,1,1,1,1,1,1,1,1,1,1,1,1,1,1
9.687856689342404,9.991000000000001,75,77,1,1,1,1,1,1,1,1,1,1,1,1,1,1,1,1,1,1,1,1,1,1,1,1,1,1,1
9.374387301587301,10.002609977324264,65,75,1,1,1,1,1,1,1,1,1,1,1,1,1,1,1,1,1,1,1,1,1,1,1,1,1,1,1,1,1,1,1,1,1,1,1,1,1,1,1,1,1,1,1,1,1,1,1,1,1,1,1,1,1,1,1
9.374387301587301,10.002609977324264,57,83,1,1,1,1,1,1,1,1,1,1,1,1,1,1,1,1,1,1,1,1,1,1,1,1,1,1,1,1,1,1,1,1,1,1,1,1,1,1,1,1,1,1,1,1,1,1,1,1,1,1,1,1,1,1,1
9.374387301587301,10.014219954648526,53,81,1,1,1,1,1,1,1,1,1,1,1,1,1,1,1,1,1,1,1,1,1,1,1,1,1,1,1,1,1,1,1,1,1,1,1,1,1,1,1,1,1,1,1,1,1,1,1,1,1,1,1,1,1,1,1,1
9.211847619047619,9.385997278911564,72,86,-5,1,1,1,1,1,1,1,1,1,1,1,1,1,1
9.072527891156462,9.269897505668935,70,77,1,1,1,1,1,1,1,1,1,1,1,1,1,1,1,1,1
8.747448526077097,9.0609179138322,72,89,1,1,1,1,1,1,1,1,1,1,1,1,1,1,1,1,1,1,1,1,1,1,1,1,1,1,1
8.747448526077097,9.17701768707483,65,40,1,1,1,1,1,1,1,1,1,1,1,1,1,1,1,1,1,1,1,1,1,1,1,1,1,1,1,1,1,1,1,1,1,1,1,1,1
8.747448526077097,9.02608798185941,60,56,1,1,1,1,1,1,1,1,1,1,1,1,1,1,1,1,1,1,1,1,1,1,1,1
8.747448526077097,9.02608798185941,53,66,1,1,1,1,1,1,1,1,1,1,1,1,1,1,1,1,1,1,1,1,1,1,1,1
8.283049433106575,8.515248979591837,75,79,1,1,1,1,1,1,1,1,1,1,1,1,1,1,1,1,1,1,1,1
8.283049433106575,8.921598185941043,63,60,1,1,1,1,1,1,1,1,1,1,1,1,1,1,1,1,1,1,1,1,1,1,1,1,1,1,1,1,1,1,1,1,1,1,1,1,1,1,1,1,1,1,1,1,1,1,1,1,1,1,1,1,1,1,1
8.120509750566892,8.317879365079365,73,66,1,1,1,1,1,1,1,1,1,1,1,1,1,1,1,1,1
8.120509750566892,8.37592925170068,65,44,1,1,1,1,1,1,1,1,1,1,1,1,1,1,1,-5,-5,-5,-5,-5,-5,-5
8.120509750566892,8.747448526077097,60,65,1,1,1,1,1,1,1,1,1,1,1,1,1,1,1,1,1,1,1,1,1,1,1,1,1,1,1,1,1,1,1,1,1,1,1,1,1,1,1,1,1,1,1,1,1,1,1,1,1,1,1,1,1,1
8.120509750566892,8.747448526077097,53,62,1,1,1,1,1,1,1,1,1,1,1,1,1,1,1,1,1,1,1,1,1,1,1,1,1,1,1,1,1,1,1,1,1,1,1,1,1,1,1,1,1,1,1,1,1,1,1,1,1,1,1,1,1,1
7.817366439909297,8.027629931972788,72,61,1,1,1,1,1,1,1,1,1,1,1,1,1,1,1,1,1,1,1
7.817366439909297,8.120509750566892,65,53,1,1,1,1,1,1,-5,-5,-5,-5,-5,-5,-5,-5,-5,-5,-5,1,1,1,1,1,1,1,1,1,1
7.817366439909297,8.120509750566892,60,85,1,1,1,1,1,1,1,1,1,1,1,1,1,1,1,1,1,1,1,1,1,1,1,1,1,1,1
7.817366439909297,8.120509750566892,53,75,1,1,1,1,1,1,1,1,1,1,1,1,1,1,1,1,1,1,1,1,1,1,1,1,1,1,1
7.515507029478458,7.817366439909297,65,57,1,1,1,1,1,1,1,1,1,1,1,1,1,1,1,-5,-5,1,1,1,1,1,1,1,1,1
7.515507029478458,7.747706575963719,51,50,1,1,1,1,1,1,1,1,1,1,1,1,1,1,1,1,1,1,1,1
7.515507029478458,7.770926530612245,41,63,1,1,1,1,1,1,1,1,1,1,1,1,1,1,1,1,1,1,1,1,1,1
7.503897052154195,7.794146485260771,70,52,1,1,1,1,1,1,1,1,1,1,1,1,1,1,1,1,1,1,1,1,1,1,1,1,1
7.503897052154195,8.283049433106575,63,68,1,1,1,1,1,1,1,1,1,1,1,1,1,1,1,1,1,1,1,1,1,1,1,1,1,1,1,1,1,1,1,1,1,1,1,1,1,1,1,1,1,1,1,1,1,1,1,1,1,1,1,1,1,1,1,1,1,1,1,1,1,1,1,1,1,1,1,1
7.503897052154195,7.817366439909297,60,84,1,1,1,1,1,1,1,1,1,1,1,1,1,1,1,1,1,1,1,1,1,1,1,1,1,1,1
7.503897052154195,7.817366439909297,53,65,1,1,1,1,1,1,1,1,1,1,1,1,1,1,1,1,1,1,1,1,1,1,1,1,1,1,1
7.503897052154195,7.654826757369615,44,48,1,1,1,1,1,1,1,1,1,1,1,1,1
7.039497959183674,7.503897052154195,68,91,-2,1,1,1,1,1,1,1,1,1,1,1,1,1,1,1,1,1,1,1,1,1,1,1,1,1,1,1,1,1,1,1,1,1,1,1,1,1,1,1
6.876958276643991,7.039497959183674,67,78,1,1,1,1,1,1,1,1,1,1,1,1,1,1
6.563488888888889,6.900178231292517,65,89,1,1,1,1,1,1,1,1,1,1,1,1,1,1,1,1,1,1,1,1,1,1,1,1,1,1,1,1,1
6.551878911564626,6.714418594104308,46,43,1,1,1,1,1,1,1,1,1,1,1,1,1,1
6.250019501133787,6.609928798185941,63,91,1,1,1,1,1,1,1,1,1,1,1,1,1,1,1,1,1,1,1,1,1,1,1,1,1,1,1,1,1,1,1
5.935266213151928,6.26162947845805,75,86,1,1,1,1,1,1,1,1,1,1,1,1,1,1,1,1,1,1,1,1,1,1,1,1,1,1,1,1,1
5.633406802721089,6.49382902494331,60,72,1,1,1,1,1,1,1,1,1,1,1,1,1,1,1,1,1,1,1,1,1,1,1,1,1,1,1,1,1,1,1,1,1,1,1,1,1,1,1,1,1,1,1,1,1,1,1,1,1,1,1,1,1,1,1,1,1,1,1,1,1,1,1,1,1,1,1,1,1,1,1,1,1,1,1
5.633406802721089,6.517048979591837,56,79,1,1,1,1,1,1,1,1,1,1,1,1,1,1,1,1,1,1,1,1,1,1,1,1,1,1,1,1,1,1,1,1,1,1,1,1,1,1,1,1,1,1,1,1,1,1,1,1,1,1,1,1,1,1,1,1,1,1,1,1,1,1,1,1,1,1,1,1,1,1,1,1,1,1,1,1,1
5.470867120181405,5.691456689342403,65,75,1,1,1,1,1,1,1,1,1,1,1,1,1,1,1,1,1,1,1
5.319937414965986,5.517307029478458,67,78,1,1,1,1,1,1,1,1,1,1,1,1,1,1,1,-5,-5
5.006468027210884,5.633406802721089,60,82,1,1,1,1,1,1,1,1,1,1,1,1,1,1,1,1,1,1,1,1,1,1,1,1,1,1,1,1,1,1,1,1,1,1,1,1,1,1,1,1,1,1,1,1,1,1,1,1,1,1,1,1,1,1
5.006468027210884,5.633406802721089,56,84,1,1,1,1,1,1,1,1,1,1,1,1,1,1,1,1,1,1,1,1,1,1,1,1,1,1,1,1,1,1,1,1,1,1,1,1,1,1,1,1,1,1,1,1,1,1,1,1,1,1,1,1,1,1
5.006468027210884,5.157397732426304,44,51,1,1,1,1,1,1,1,1,1,1,1,1,1
4.809098412698413,4.971638095238095,39,72,1,1,1,1,1,1,1,1,1,1,1,1,1,2
4.6813886621315195,5.02968798185941,67,91,1,1,1,1,1,1,1,1,1,1,1,1,1,1,1,1,1,1,1,1,1,1,1,1,1,1,1,1,1,1
4.216989569160997,4.37952925170068,68,80,1,1,1,1,1,1,1,1,1,1,1,1,1,1
4.066059863945578,4.251819501133786,70,80,1,1,1,1,1,1,1,1,1,1,1,1,1,1,1,-5
3.984790022675737,4.182159637188208,43,40,-2,-2,-2,-2,1,1,1,1,1,1,1,-2,-2,-2,1,1,2
3.7513065759637185,4.100889795918367,67,88,1,1,1,1,1,1,1,1,1,1,1,1,1,1,1,1,1,1,1,1,1,1,1,1,1,1,1,1,1,1,1
3.4378371882086167,3.820966439909297,75,90,1,1,1,1,1,1,1,1,1,1,1,1,1,1,1,1,1,1,1,1,1,1,1,1,1,1,1,1,1,1,1,1,1
3.1359777777777778,3.3913972789115645,67,67,1,1,1,1,1,1,1,1,1,1,1,1,1,1,1,1,1,1,1,1,1,1
3.1243678004535145,4.031229931972789,58,68,1,1,1,1,1,1,1,1,1,1,1,1,1,1,1,1,1,1,1,1,1,1,1,1,1,1,1,1,1,1,1,1,1,1,1,1,1,1,1,1,1,1,1,1,1,1,1,1,1,1,1,1,1,1,1,1,1,1,1,1,1,1,1,1,1,1,1,1,1,1,1,1,1,1,1,1,1,1,1
3.1243678004535145,4.182159637188208,51,54,1,1,1,1,1,1,1,1,1,1,1,1,1,1,1,1,1,1,1,1,1,1,1,1,1,1,1,1,1,1,1,1,1,1,1,1,1,1,1,1,1,1,1,1,1,1,1,1,1,1,1,1,1,1,1,1,1,1,1,1,1,1,1,1,1,1,1,1,1,1,1,1,1,1,1,1,1,1,1,1,1,1,1,0,1,1,1,1,1,1,1,1
3.1127578231292516,3.9718961451247163,61,57,1,1,1,1,1,1,1,1,1,1,1,1,1,1,1,1,1,1,1,1,1,1,1,1,1,1,1,1,1,1,1,1,1,1,1,1,1,1,1,1,1,1,1,1,1,1,1,1,1,1,1,1,1,1,1,1,1,1,1,1,1,1,1,1,1,1,1,1,1,1,1,1,1,1
3.0779278911564627,3.217247619047619,55,47,1,1,1,1,1,1,1,1,1,1,1,1
2.961828117913832,3.1359777777777778,67,88,1,1,1,1,1,1,1,1,1,1,1,1,1,1,1
2.5090390022675737,2.91538820861678,63,52,-5,-5,-5,-5,-5,-5,-5,-5,1,1,1,1,-5,-5,-5,-5,-5,-5,-5,-5,-5,-5,-5,-5,-5,-5,-5,-5,-5,-5,-5,-5,-5,-5,-5
2.5090390022675737,3.1243678004535145,58,83,1,1,1,1,1,1,1,1,1,1,1,1,1,1,1,1,1,1,1,1,1,1,1,1,1,1,1,1,1,1,1,1,1,1,1,1,1,1,1,1,1,1,1,1,1,1,1,1,1,1,1,1,1
2.5090390022675737,3.0779278911564627,51,64,1,1,1,1,1,1,1,1,1,1,1,1,1,1,1,1,1,1,1,1,1,1,1,1,1,1,1,1,1,1,1,1,1,1,1,1,1,1,1,1,1,1,1,1,1,1,1,1,1
2.5090390022675737,3.0547079365079366,39,67,1,1,1,1,1,1,1,1,1,1,1,1,1,1,1,1,1,1,1,1,1,1,1,1,1,1,1,1,1,1,1,1,1,1,1,1,1,1,1,1,1,1,1,1,1,1,1
2.4974290249433104,3.1127578231292516,61,79,1,1,1,1,1,1,1,1,1,1,1,1,1,1,1,1,1,1,1,1,1,1,1,1,1,1,1,1,1,1,1,1,1,1,1,1,1,1,1,1,1,1,1,1,1,1,1,1,1,1,1,1,1
2.4974290249433104,2.659968707482993,46,49,1,1,1,1,1,1,1,1,1,1,1,1,1,1
2.4974290249433104,2.636748752834467,42,47,2,1,1,1,1,1,1,1,1,1,1,1
2.358109297052154,2.5090390022675737,39,37,1,1,1,1,1,1,1,1,1,1,1,1,1
2.334889342403628,2.4974290249433104,46,59,1,1,1,1,1,1,1,1,1,1,1,1,1,1
1.7298866213151927,1.8924263038548752,70,84,1,1,1,1,1,1,1,1,1,1,1,1,1,1
1.7298866213151927,1.8924263038548752,58,43,1,1,1,1,1,1,1,1,1,1,1,1,1,1
1.555736961451247,1.7647165532879818,72,84,1,1,1,1,1,1,1,1,1,1,1,1,1,1,1,1,1,-5
1.555736961451247,1.787936507936508,65,42,1,1,1,1,1,1,1,1,1,1,1,1,1,1,1,1,1,1,1,1
1.555736961451247,1.7182766439909296,46,53,1,1,1,1,1,1,1,1,1,1,1,1,1,1
1.5441269841269842,1.6834467120181407,44,40,-2,1,1,0,0,0,1,1,1,1,1,1
1.242267573696145,1.555736961451247,72,64,-5,1,1,1,1,1,1,1,1,1,1,1,1,1,1,1,1,1,1,1,1,1,1,1,1,1,1
1.242267573696145,1.509297052154195,65,48,1,1,1,1,1,1,1,1,1,1,1,1,1,1,1,1,1,1,1,1,1,1,1
1.242267573696145,1.8343764172335602,53,63,1,1,1,1,1,1,1,1,1,1,1,1,1,1,1,1,1,1,1,1,1,1,1,1,1,1,1,1,1,1,1,1,1,1,1,1,1,1,1,1,1,1,1,1,1,1,1,1,1,1,1
1.0913378684807256,1.3003174603174603,70,79,1,1,1,1,1,1,1,1,1,1,1,1,1,1,1,1,1,1
1.0913378684807256,1.5209070294784581,58,58,1,1,1,1,1,1,1,1,1,1,1,1,1,1,1,1,1,1,1,1,1,1,1,1,1,1,1,1,1,1,1,1,1,1,1,1,1
0.9404081632653061,1.1261678004535147,68,75,1,1,1,1,1,1,1,1,1,1,1,1,1,1,1,1
0.626938775510204,0.8707482993197279,67,69,1,1,1,1,1,1,1,1,1,1,1,1,1,1,1,1,1,1,1,1,1
0.626938775510204,1.0332879818594105,65,46,1,1,1,1,1,1,1,1,1,1,1,1,1,1,1,1,1,1,1,1,1,1,1,1,1,1,1,1,1,1,1,1,1,1,1
0.615328798185941,1.4164172335600906,61,62,1,1,1,1,1,1,1,1,1,1,1,1,1,1,1,1,1,1,1,1,1,1,1,1,1,1,1,1,1,1,1,1,1,1,1,1,1,1,1,1,1,1,1,1,1,1,1,1,1,1,1,1,1,1,1,1,1,1,1,1,1,1,1,1,1,1,1,1,1
0.47600907029478456,0.615328798185941,68,73,1,1,1,1,1,1,1,1,1,1,1,1
0.47600907029478456,0.626938775510204,65,51,1,1,1,1,1,1,1,1,1,1,1,1,1
0.47600907029478456,1.242267573696145,53,63,1,1,1,1,1,1,1,1,1,1,1,1,1,1,1,1,1,1,1,1,1,1,1,1,1,1,1,1,1,1,1,1,1,1,1,1,1,1,1,1,1,1,1,1,1,1,1,1,1,1,1,1,1,1,1,1,1,1,1,1,1,1,1,1,1,1
0.313469387755102,0.47600907029478456,70,67,1,1,1,1,1,1,1,1,1,1,1,1,1,1
0.011609977324263039,0.2438095238095238,68,46,1,1,1,1,1,1,1,1,1,1,1,1,1,1,1,1,1,1,1,1
0.011609977324263039,0.47600907029478456,65,55,1,1,1,1,1,1,1,1,1,1,1,1,1,1,1,1,1,1,1,1,1,1,1,1,1,1,1,1,1,1,1,1,1,1,1,1,1,1,1,1
0.011609977324263039,0.615328798185941,61,81,1,1,1,1,1,1,1,1,1,1,1,1,1,1,1,1,1,1,1,1,1,1,1,1,1,1,1,1,1,1,1,1,1,1,1,1,1,1,1,1,1,1,1,1,1,1,1,1,1,1,1,1
0.011609977324263039,1.0913378684807256,58,73,1,1,1,1,1,1,1,1,1,1,1,1,1,1,1,1,1,1,1,1,1,1,1,1,1,1,1,1,1,1,1,1,1,1,1,1,1,1,1,1,1,1,1,1,1,1,1,1,1,1,1,1,-2,-2,-2,1,1,1,1,1,1,1,1,1,1,1,1,1,1,1,1,1,1,1,1,1,1,1,1,1,1,1,1,1,1,1,1,1,1,1,1,1,1
0.011609977324263039,0.47600907029478456,53,70,1,1,1,1,1,1,1,1,1,1,1,1,1,1,1,1,1,1,1,1,1,1,1,1,1,1,1,1,1,1,1,1,1,1,1,1,1,1,1,1
0.011609977324263039,0.2089795918367347,49,59,1,1,1,1,1,1,1,1,1,1,1,1,1,1,1,1,1
0.011609977324263039,0.19736961451247165,46,63,1,1,1,1,1,1,1,1,1,1,1,1,1,1,1,1
3.542326984126984,4.054449886621315,39,57,1,1,1,1,1,1,1,1,1,1,1,1,1,1,1,1,1,1,1,1,1,1,1,1,1,1,1,1,1,1,1,1,1,1,1,1,1,1,1,1,1,1,1,1,1
19.73690657596372,20.09809977324263,41,58,1,1,1,1,1,1,1,1,1,1,1,1,1,1,1,1,1,1,1,1,2,2,2,2,2,1,1,1,1,1,1,1
28.299879365079363,28.729448526077096,53,71,1,1,1,1,1,1,1,1,1,1,1,1,1,1,1,1,1,1,1,1,1,1,1,1,1,1,1,1,1,1,1,1,1,1,1,1,1
32.296279365079364,32.44720907029478,46,63,1,1,1,1,1,1,1,1,1,1,1,1,1
2.021419954648526,2.450989115646258,53,70,1,1,1,1,1,1,1,1,1,1,1,1,1,1,1,1,1,1,1,1,1,1,1,1,1,1,1,1,1,1,1,1,1,1,1,1,1
29.77434648526077,29.996219954648524,41,66,2,2,2,2,2,1,1,1,1,2,2,1,1,1,1,1,1,1,1,1
23.257297505668934,23.826186394557823,39,43,1,1,1,1,1,1,1,1,1,1,1,1,1,1,1,1,1,1,1,1,1,1,1,1,1,1,1,1,1,1,1,1,1,1,1,1,1,1,1,1,1,1,1,1,1,1,1,1,1
22.00341995464853,22.456209070294786,53,69,1,1,1,1,1,1,1,1,1,1,1,1,1,1,1,1,1,1,1,1,1,1,1,1,1,1,1,1,1,1,1,1,1,1,1,1,1,1,1
21.3635873015873,21.54934693877551,46,64,1,1,1,1,1,1,1,1,1,1,1,1,1,1,1,1
26.31328934240363,26.580318820861677,44,65,1,1,1,1,1,1,1,1,1,1,1,1,1,1,1,1,1,1,1,1,1,1,-2
1.3583673469387756,1.5441269841269842,46,62,1,1,1,1,1,1,1,1,1,1,1,1,1,1,1,1
12.012419954648527,12.441989115646258,53,66,1,1,1,1,1,1,1,1,1,1,1,1,1,1,1,1,1,1,1,1,1,1,1,1,1,1,1,1,1,1,1,1,1,1,1,1,1
6.308069387755102,6.737638548752835,44,62,1,1,1,1,1,1,1,1,1,1,1,1,1,1,1,1,1,1,1,1,1,-2,-2,-2,-2,-2,1,1,1,1,1,1,1,1,1,1,1
32.00602993197279,32.43559909297052,53,65,1,1,1,1,1,1,1,1,1,1,1,1,1,1,1,1,1,1,1,1,1,1,1,1,1,1,1,1,1,1,1,1,1,1,1,1,1
11.384197278911566,11.546736961451249,46,63,1,1,1,1,1,1,1,1,1,1,1,1,1,1
2.067859863945578,2.4974290249433104,58,55,1,1,1,1,1,1,1,1,1,1,1,1,1,1,1,1,1,1,1,1,1,1,1,1,1,1,1,1,1,1,1,1,1,1,1,1,1
11.395807256235829,11.628006802721089,49,53,1,1,1,1,1,1,1,1,1,1,1,1,1,1,0,0,0,0,1,1
31.40102721088435,31.633226757369613,49,51,1,1,1,1,1,1,1,1,1,1,1,1,1,0,0,0,0,0,1,1
17.10015782312925,17.494897052154194,60,56,1,1,1,1,1,1,1,1,1,1,1,1,1,1,1,1,1,1,1,1,1,1,1,1,1,1,1,1,1,1,1,1,1,1
7.062717913832199,7.434237188208617,56,63,1,1,1,1,1,1,1,1,1,1,1,1,1,1,1,1,1,1,1,1,1,1,1,1,1,1,1,1,1,1,1,1
31.40102721088435,31.551956916099773,46,59,1,1,1,1,1,1,1,1,1,1,1,1,1
22.073079818594106,22.491039002267573,58,55,1,1,1,1,1,1,1,1,1,1,1,1,1,1,1,1,1,1,1,1,1,1,1,1,1,1,1,1,1,1,1,1,1,1,1,1
6.679588662131519,6.853738321995465,56,60,1,1,1,1,1,1,1,1,1,1,1,1,1,1,1
37.09376780045351,37.50011700680272,60,56,1,1,1,1,1,1,1,1,1,1,1,1,1,1,1,1,1,1,1,1,1,1,1,1,1,1,1,1,1,1,1,1,1,1,1
27.056327891156464,27.439457142857144,56,63,1,1,1,1,1,1,1,1,1,1,1,1,1,1,1,1,1,1,1,1,1,1,1,1,1,1,1,1,1,1,1,1,1
28.822328344671202,29.228677551020407,41,48,1,1,1,1,1,1,1,1,1,1,1,1,1,1,1,1,1,1,0,0,0,0,0,1,1,1,1,1,1,1,1,1,1,1,1
19.237677551020408,19.947170068027212,53,46,1,1,1,1,1,1,1,1,1,1,1,1,0,0,1,1,1,1,1,1,1,1,1,1,1,1,1,1,1,1,1,1,1,1,1,1,1,1,1,1,1,1,1,1,1,1,1,1,1,1,1,1,1,1,1,1,1,1,1,1,1,1
26.661588662131518,26.847348299319727,56,59,1,1,1,1,1,1,1,1,1,1,1,1,1,1,1,1
8.828718367346939,9.223457596371881,41,47,1,1,1,1,1,1,1,1,1,1,1,1,1,1,1,1,1,1,1,0,0,0,0,1,1,1,1,1,1,1,1,1,1,1
2.067859863945578,2.4858190476190476,61,54,1,1,1,1,1,1,1,1,1,1,1,1,1,1,1,1,1,1,1,1,1,1,1,1,1,1,1,1,1,1,1,1,1,1,1,1
32.0640798185941,32.49364897959183,61,52,1,1,1,1,1,1,1,1,1,1,1,1,1,1,1,1,1,1,1,1,1,1,1,1,1,1,1,1,1,1,1,1,1,1,1,1,1
12.082079818594105,12.488429024943311,61,53,1,1,1,1,1,1,1,1,1,1,1,1,1,1,1,1,1,1,1,1,1,1,1,1,1,1,1,1,1,1,1,1,1,1,1
22.061469841269844,22.491039002267573,61,55,1,1,1,1,1,1,1,1,1,1,1,1,1,1,1,1,1,1,1,1,1,1,1,1,1,1,1,1,1,1,1,1,1,1,1,1,1
12.082079818594105,12.418769160997734,58,54,1,1,1,1,1,1,1,1,1,1,1,1,1,1,1,1,1,1,1,1,1,1,1,1,1,1,1,1,1
32.08729977324263,32.412379138321995,58,54,1,1,1,1,1,1,1,1,1,1,1,1,1,1,1,1,1,1,1,1,1,1,1,1,1,1,1,1
27.102767800453513,27.49750702947846,60,47,1,1,1,1,1,1,1,1,1,1,1,1,1,1,1,1,1,1,1,1,1,1,1,1,1,1,1,1,1,1,1,1,1,1
36.68741859410431,36.826738321995464,60,54,1,1,1,1,1,1,1,1,1,1,1,1
39.23128752834467,39.64924671201814,53,43,1,1,1,1,1,1,1,1,1,1,1,1,1,0,2,2,1,1,1,1,1,1,1,1,1,1,1,1,1,1,1,1,1,1,1,1
7.097547845804989,7.492287074829932,60,48,1,1,1,1,1,1,1,1,1,1,1,1,1,1,1,1,1,1,1,1,1,1,1,1,1,1,1,1,1,1,1,1,1,1
24.535678911564627,24.767878458049886,58,40,1,1,1,1,1,1,1,1,1,1,1,1,1,1,1,1,1,1,1,1
23.873910204081632,24.024839909297054,42,51,1,1,1,1,1,1,1,1,1,1,1,1,1
2.346499319727891,2.590308843537415,49,45,1,1,1,1,1,1,1,1,1,1,1,0,-1,1,1,1,1,1,1,1,1
22.340109297052155,22.47942902494331,49,45,1,1,1,1,1,1,1,1,1,1,1,1
4.542068934240363,4.774268480725623,58,38,1,1,1,1,1,1,1,1,1,1,1,1,1,1,1,1,1,1,1,1
38.2792693877551,38.43019909297052,41,47,1,1,1,1,1,1,1,1,1,1,1,1,1
27.31174739229025,27.49750702947846,44,42,1,1,1,1,1,1,1,1,1,1,1,1,1,1,-1,0
18.26243945578231,18.657178684807256,41,42,1,1,1,1,1,1,1,1,1,1,1,1,1,1,1,1,1,1,1,1,1,1,1,1,1,1,1,1,1,1,1,1,1,1
1.9620861678004535,2.3813292517006803,65,44,1,1,1,1,1,1,1,1,1,1,1,1,1,1,1,1,1,1,1,1,1,1,1,1,1,1,1,1,1,1,1,1,1,1,1,1,1
21.956980045351475,22.374939229024946,65,43,1,1,1,1,1,1,1,1,1,1,1,1,1,1,1,1,1,1,1,1,1,1,1,1,1,1,1,1,1,1,1,1,1,1,1,1
32.00602993197279,32.342719274376414,65,41,1,1,1,1,1,1,1,1,1,1,1,1,1,1,1,1,1,1,1,1,1,1,1,1,1,1,1,1,1
12.035639909297052,12.209789569160998,65,43,1,1,1,1,1,1,1,1,1,1,1,1,1,1,1
38.906208163265305,39.04552789115646,44,43,1,1,1,1,1,1,1,1,1,1,1,1
18.900988208616777,19.1447977324263,44,42,1,1,1,1,1,1,1,1,1,1,1,1,1,1,1,1,0,0,1,1,1
0.06965986394557823,0.25541950113378686,34,38,1,1,1,1,1,1,1,1,1,1,1,1,1,1,1,1
5.982990022675737,6.1571396825396825,80,38,1,1,1,1,1,1,1,1,1,1,1,1,1,1,1
